[
  {
    "id": 2,
    "sectors": [
      "AI/ML",
      "Data Science",
      "Robotics / Hardware",
      "HealthTech",
      "Enterprise Software"
    ],
    "description": "With extensive experience in AI development, this individual has dedicated over 10,000 hours to creating diverse projects, including optimization models, reinforcement learning systems, autonomous robots, AI-generated music, recommender systems, NLP solutions, avionic software, and federated learning products. They hold a Bachelor's degree in Electrical and Computer Engineering and a Master's in Computer Science."
  },
  {
    "id": 3,
    "sectors": [
      "FinTech",
      "Consumer Tech",
      "Enterprise Software"
    ],
    "description": "A FinTech and Payments pioneer, this individual has achieved significant milestones, including initiating the first mobile remittances service in the US, a global mobile bank account, a neobank for immigrants in the US, and a decoupled business payments smart switch. Recognized for innovation and leadership, they have been acknowledged by various industry platforms for their contributions to digital transformation and mobile payments."
  },
  {
    "id": 4,
    "sectors": [
      "HealthTech",
      "EdTech",
      "Enterprise Software"
    ],
    "description": "Trained in Internal Medicine during the early AIDS crisis, this individual also has a deep technical background and designed a fellowship in Medical Informatics. They managed the implementation of the first Electronic Medical Record and later implemented multiple clinical systems. In their current role, they are now leading enterprise technology across multiple colleges and campuses, where they are currently focused on affordable HPC/research computing storage solutions."
  },
  {
    "id": 5,
    "sectors": [
      "EdTech",
      "Enterprise Software",
      "Consumer Tech",
      "Retail / CPG"
    ],
    "description": "With expertise in building lean and predictable revenue, this individual has a diverse background in digital sales, product management, and presales within the software and services industry. They have entrepreneurial experience in the hospitality sector, having successfully developed and exited a portfolio of boutique hotels and operated a restaurant in Mexico."
  },
  {
    "id": 6,
    "sectors": [
      "Enterprise Software",
      "Robotics / Hardware",
      "Media / Content"
    ],
    "description": "With a strong foundation in technology, this individual has experience in defense engineering, product management, and technical academic research. They possess advanced degrees in computer and information science and computer engineering, showcasing a blend of practical and theoretical expertise in the field."
  },
  {
    "id": 7,
    "sectors": [
      "VC / Investing",
      "Cybersecurity",
      "FinTech",
      "Enterprise Software",
      "AI/ML",
      "Robotics / Hardware",
      "HealthTech",
      "Consumer Tech"
    ],
    "description": "With extensive experience in strategic investing and venture capital, this individual has developed expertise in early-stage investments, particularly in the cyber sector. They have a strong background in business research and strategy, having worked in various global locations. Their academic achievements include a cum laude degree in Business Administration with specializations in Finance and Entrepreneurship. Additionally, they have contributed to academia as a teaching assistant in an MBA program."
  },
  {
    "id": 8,
    "sectors": [
      "AI/ML",
      "FinTech",
      "VC / Investing",
      "LegalTech"
    ],
    "description": "With a background in AI intelligence platforms for financial institutions, this individual has experience in leading a growing company supported by major investors. They hold a Tech MBA and have a legal background specializing in venture capital deals."
  },
  {
    "id": 9,
    "sectors": [
      "Cybersecurity",
      "Consumer Tech",
      "Enterprise Software",
      "AI/ML",
      "VC / Investing"
    ],
    "description": "With a strong academic background in engineering and technology, this individual has experience in software development, including creating and launching a widely used application. They have also gained experience in the startup ecosystem and investment, demonstrating versatility across technical and entrepreneurial domains."
  },
  {
    "id": 10,
    "sectors": [
      "FinTech",
      "Media / Content",
      "VC / Investing"
    ],
    "description": "Has extensive experience in the cryptocurrency industry, having been involved full-time since 2018. Demonstrated expertise includes research, content creation, and entrepreneurship, such as launching a podcast focused on blockchain technology and securing significant grant funding. Successfully founded a venture in the crypto space, raising substantial investment from prominent industry figures and firms. Recognized for influence and thought leadership on social media, ranking among the top accounts in the field. Collaborated with leading personalities in the industry to drive innovation and community engagement."
  },
  {
    "id": 11,
    "sectors": [
      "Enterprise Software",
      "Retail / CPG",
      "Media / Content"
    ],
    "description": "With extensive experience in brand strategy and branding, this individual has led global brand initiatives and worked in brand consultancy and advertising on international brands. They hold a Master's in Strategic Communications and an undergraduate degree from prestigious universities."
  },
  {
    "id": 12,
    "sectors": [
      "AI/ML",
      "Consumer Tech",
      "Cybersecurity",
      "Data Science",
      "Robotics / Hardware"
    ],
    "description": "Experienced in managing large-scale consumer products with expertise in growth, cybersecurity, and AI. Skilled in product and business strategy, analytics, product growth, and team leadership. Background includes work in search, recommendation systems, machine learning, location services, wireless technologies, hardware, and consumer electronics. Passionate about mentoring and continuous learning."
  },
  {
    "id": 13,
    "sectors": [
      "AI/ML",
      "Enterprise Software",
      "FinTech",
      "Consumer Tech"
    ],
    "description": "With extensive experience in AI infrastructure, this individual excels in strategic operations, focusing on business operations, sales, and growth strategies. They have played a significant role in securing funding and driving enterprise expansion. Their background includes product management and roles in AI and blockchain, with a global perspective gained from working in major tech hubs worldwide."
  },
  {
    "id": 14,
    "sectors": [
      "AI/ML",
      "FinTech",
      "LegalTech",
      "Enterprise Software",
      "Robotics / Hardware"
    ],
    "description": "With 13 years of experience in B2B product marketing and management, this individual excels in translating complex technical features into clear, impactful product narratives. They have a proven track record in AI, financial services, and enterprise software, focusing on creating products that enhance customer satisfaction and improve lives. Their expertise lies in crafting value-driven experiences that resonate with users."
  },
  {
    "id": 15,
    "sectors": [
      "Media / Content",
      "Retail / CPG",
      "Consumer Tech",
      "Enterprise Software"
    ],
    "description": "With extensive experience in launching successful crowdfunding campaigns and building innovation hubs, this individual has driven growth for direct-to-consumer brands through influencer partnerships and digital retail expansion. They currently lead media planning, affiliate channel growth, and merchant onboarding across multiple categories for a major e-commerce platform."
  },
  {
    "id": 16,
    "sectors": [
      "AI/ML",
      "HealthTech",
      "Enterprise Software",
      "Consumer Tech",
      "Retail / CPG"
    ],
    "description": "With over 8 years of experience in AI product management and development, this individual has expertise in automation and scaling technology ventures. They have played a significant role in building next-generation AI-driven systems and have led technical evaluations for substantial mergers and acquisitions. Their contributions in health-tech significantly increased annual recurring revenue through major enterprise contracts. Additionally, they have co-founded a real estate tech company that successfully processed a large volume of property transactions."
  },
  {
    "id": 18,
    "sectors": [
      "AI/ML",
      "Media / Content",
      "Enterprise Software",
      "Consumer Tech"
    ],
    "description": "With extensive experience in product management, this individual has led initiatives in developing Emotional AI and crafted both physical and digital experiences. Over a career spanning more than 20 years, they have spearheaded product partnerships and directed innovation teams. Additionally, they authored a bestselling book on using product management strategies for career resilience and reinvention."
  },
  {
    "id": 19,
    "sectors": [
      "FinTech",
      "VC / Investing",
      "Healthcare"
    ],
    "description": "With nearly 40 years of experience in asset and wealth management, this individual has extensive expertise in quantitative investing and technical aspects of the industry. They have been involved in numerous industry deals, serve on various boards, and invest in industry and FinTech initiatives."
  },
  {
    "id": 20,
    "sectors": [
      "Media / Content",
      "Consumer Tech",
      "Enterprise Software",
      "VC / Investing"
    ],
    "description": "Experienced entrepreneur with a track record of founding multiple companies and achieving successful exits. Skilled in venture capital and investment banking, with a strong background in mentoring at prestigious academic institutions."
  },
  {
    "id": 21,
    "sectors": [
      "FinTech",
      "AI/ML",
      "Data Science",
      "Enterprise Software",
      "Cybersecurity"
    ],
    "description": "Dynamic executive leader with extensive expertise in driving transformation, fostering strategic partnerships, and advancing technical innovation within the financial services sector. Proven track record of aligning technology initiatives with business objectives to deliver impactful results across global organizations. Skilled in application and data development, security, data management, and compliance, with a strong focus on achieving strategic goals, promoting cross-functional collaboration, and enabling sustainable growth through innovative solutions."
  },
  {
    "id": 22,
    "sectors": [
      "Robotics / Hardware",
      "AI/ML",
      "FinTech",
      "Enterprise Software"
    ],
    "description": "With expertise in strategy, this professional specializes in go-to-market planning, business development, and financial modeling for robotics and AI products. They excel in forming partnerships, developing commercialization strategies, and providing strategic insights to support executive decision-making through cross-functional collaboration."
  },
  {
    "id": 24,
    "sectors": [
      "Media / Content",
      "Consumer Tech",
      "Enterprise Software",
      "EdTech",
      "AI/ML",
      "VC / Investing"
    ],
    "description": "With extensive experience in leading and developing product teams, this individual specializes in advising leaders and empowering teams in building creator and content ecosystems. They focus on cultivating authentic communities and have transitioned to providing advisory services, including fractional CPO roles and executive coaching. Additionally, they contribute to educational innovation through board service at a non-profit dedicated to transforming teaching and learning in underperforming schools."
  },
  {
    "id": 25,
    "sectors": [
      "Enterprise Software",
      "AI/ML",
      "Data Science"
    ],
    "description": "With extensive experience in cloud financial management, this individual specializes in cost optimization, sustainability, and strategic financial operations across major cloud platforms. They possess a strong foundation in both technical and strategic aspects, driving initiatives that align financial accountability with sustainable cloud usage, contributing significantly to the field of cloud economics."
  },
  {
    "id": 26,
    "sectors": [
      "Consumer Tech",
      "Enterprise Software",
      "VC / Investing",
      "Retail / CPG"
    ],
    "description": "An entrepreneur focused on innovation, property, and people, with experience in creating inspiring work environments and flexible cultural hubs. Involved in asset management, developing homes for essential workers, and advocating for rainforest preservation and indigenous knowledge. Participated in global experience and marketplace organizations."
  },
  {
    "id": 27,
    "sectors": [
      "Enterprise Software",
      "Data Science",
      "Consumer Tech"
    ],
    "description": "A tech leader, engineer, and entrepreneur based in Montreal, QC, CA, is passionate about transforming innovative ideas into scalable solutions. Their career focuses on addressing complex challenges through collaborative problem-solving and strategic technology leadership. They excel in building high-performing teams and forming partnerships that advance technological possibilities. They are enthusiastic about connecting with like-minded professionals and exploring opportunities that promote digital transformation and innovation."
  },
  {
    "id": 28,
    "sectors": [
      "Healthcare",
      "HealthTech"
    ],
    "description": "With a background in both medicine and business, this individual has pursued an education in medical and business administration, aiming to specialize in Emergency Medicine. They aspire to integrate their expertise in these fields to drive significant advancements in healthcare business."
  },
  {
    "id": 29,
    "sectors": [
      "AI/ML",
      "Data Science",
      "Healthcare",
      "Enterprise Software",
      "Robotics / Hardware"
    ],
    "description": "With a background in data science and machine learning, this individual has extensive experience in research and consulting. They have co-authored papers on healthcare financial toxicity and have worked on projects involving logistics, targeted marketing, and cloud infrastructure. They have also led a team in developing and training large language models for practical applications. Their academic credentials include degrees in Statistics, Business, and Computer Science."
  },
  {
    "id": 30,
    "sectors": [
      "Consumer Tech",
      "FinTech",
      "AI/ML",
      "HealthTech",
      "Enterprise Software"
    ],
    "description": "With over 8 years of experience in product development for both enterprise and consumer markets, this individual has also spent three years consulting for major corporations. They have a background in co-founding a company focused on online vehicle purchasing and financing, and have worked on AI conversation agents at an early-stage startup. Currently, they are involved in trust and safety initiatives."
  },
  {
    "id": 31,
    "sectors": [
      "Consumer Tech",
      "Media / Content"
    ],
    "description": "An accomplished product strategist with extensive experience in global innovation within consumer technology and entertainment. Specializes in gaming, interactive content, and immersive experiences, with a history of leading product management and advanced innovation efforts. Passionate about integrating cutting-edge technology with consumer-centric design to create transformative product experiences."
  },
  {
    "id": 32,
    "sectors": [
      "AI/ML",
      "Data Science",
      "Media / Content",
      "Enterprise Software"
    ],
    "description": "The individual is an expert in network mapping, influence analysis, deep learning on networks, narratives, and causal inference on networked data. They have secured multiple large-scale research grants, including those focused on network dynamics and semantic forensics, and have contributed to ten innovation research grants. Their work has been published in major computer science and social science venues. In 2019, they provided testimony to the US House of Representatives regarding influence campaigns targeting veterans and military personnel."
  },
  {
    "id": 33,
    "sectors": [
      "AI/ML",
      "Data Science",
      "Transportation / Mobility",
      "Enterprise Software",
      "Robotics / Hardware"
    ],
    "description": "A mission-driven entrepreneur and product leader with over 15 years of experience in AI and data-driven startups, this individual excels in product strategy, roadmap planning, and market adoption, successfully taking AI products from concept to commercialization. They are passionate about achieving product-market fit and assist startups in scaling by addressing real-world problems with technology. They mentor founders on business ideation, customer discovery, and product development, collaborate with academic teams to commercialize research, and serve as a guest lecturer. They hold an MBA and have extensive experience leading teams and developing advanced defense systems."
  },
  {
    "id": 34,
    "sectors": [
      "FinTech",
      "Healthcare",
      "HealthTech",
      "Cybersecurity",
      "VC / Investing"
    ],
    "description": "With 28 years of experience in the tech industry across various sectors, this individual has also spent 9 years advising startups, contributing to 9 successful exits and the creation of 2 unicorns. They have been recognized twice with awards for their work in information security."
  },
  {
    "id": 35,
    "sectors": [
      "AI/ML",
      "Data Science",
      "Transportation / Mobility",
      "Enterprise Software"
    ],
    "description": "Data-driven professional with over 11 years of experience in developing AI and data products, focusing on revenue growth, product optimization, and team management. Achievements include generating over $10 million in revenue and increasing revenue-per-unit by 40%. Experienced in leading teams of 6-12 individuals and contributing to core product leadership."
  },
  {
    "id": 36,
    "sectors": [
      "Data Science",
      "VC / Investing"
    ],
    "description": "With a strong background in engineering and financial engineering, this individual specializes in tactical asset allocation strategies and has experience in global asset allocation. Their academic credentials include advanced degrees in engineering, operations research, and financial engineering from leading universities."
  },
  {
    "id": 37,
    "sectors": [
      "Enterprise Software",
      "HealthTech",
      "Retail / CPG"
    ],
    "description": "Recognized for innovative thinking, competitiveness, and a strategic mindset with a focus on long-term planning. Demonstrates curiosity about transformative trends and excels at inspiring and guiding teams to achieve clarity and high performance. Possesses strong project management abilities, technical expertise, and a talent for fostering collaboration and effective execution."
  },
  {
    "id": 38,
    "sectors": [
      "AI/ML",
      "EdTech",
      "Enterprise Software",
      "Media / Content"
    ],
    "description": "With over 25 years of global experience in emerging technology, philanthropy, and innovation, this individual specializes in human-centered AI, ethical strategy, and thought leadership. They have developed AI-powered tools to democratize access to ethical AI and amplify human potential, led teams integrating human and AI collaboration, engaged tens of thousands of participants in events, and trained thousands of leaders in AI. Their work emphasizes values-driven innovation and advancing ethical practices in technology."
  },
  {
    "id": 39,
    "sectors": [
      "Media / Content",
      "Consumer Tech",
      "FinTech",
      "Enterprise Software",
      "Retail / CPG",
      "Robotics / Hardware"
    ],
    "description": "A former military officer and accomplished athlete with international deployment experience, this individual holds an advanced degree in American Studies. Recognized nationally for expertise in category design and business coaching, they specialize in empowering military veteran entrepreneurs and mission-driven leaders to create new market opportunities, refine messaging, and establish a competitive edge."
  },
  {
    "id": 40,
    "sectors": [
      "Media / Content",
      "Enterprise Software",
      "Consumer Tech"
    ],
    "description": "With extensive experience in managing diverse teams and overseeing functions such as human resources, financial reporting, budgeting, grant administration, data archiving and curation, software, and membership and marketing, this individual has demonstrated strong leadership and organizational skills within a non-profit research environment."
  },
  {
    "id": 42,
    "sectors": [
      "LegalTech",
      "HealthTech",
      "FinTech",
      "AI/ML",
      "VC / Investing"
    ],
    "description": "A systems-thinking leader with expertise in scaling high-growth ventures through digital transformation, this individual develops strategies that enhance resilience and expansion across multiple sectors, including fintech, healthtech, and agrictech. Recognized internationally for contributions to influential business reports, they collaborate with executives, investors, and global partners on major ecosystem initiatives. With an advanced legal education focused on law, technology, and entrepreneurship, they combine strategic foresight with practical execution and are a frequent speaker on digital disruption and growth."
  },
  {
    "id": 43,
    "sectors": [
      "Retail / CPG",
      "FinTech",
      "Consumer Tech"
    ],
    "description": "Brings over 14 years of expertise in customer-focused innovation, digital and physical product development, digital product management, and project management. Demonstrated ability to create substantial value by planning, developing, managing, and launching innovation projects, particularly for the Latin American market. Highly adept at leading cross-functional teams and collaborating effectively with both internal and external stakeholders."
  },
  {
    "id": 44,
    "sectors": [
      "VC / Investing",
      "Media / Content",
      "Consumer Tech",
      "Retail / CPG"
    ],
    "description": "With extensive experience in leadership, entrepreneurship, and advisory roles, this individual has demonstrated expertise in capital management, strategic decision-making, and corporate governance. Their background includes founding and leading multiple ventures, providing senior-level guidance, and serving on various boards, reflecting a strong track record in business development and executive management across diverse sectors."
  },
  {
    "id": 46,
    "sectors": [
      "Healthcare",
      "HealthTech",
      "AI/ML",
      "Consumer Tech",
      "Data Science",
      "Robotics / Hardware"
    ],
    "description": "With a background in molecular neuroscience and health tech entrepreneurship, this individual has conducted research on financial toxicity in neuro-oncology and the use of AR/VR and LLMs in spine surgery. They are involved in neurosurgical outcomes research and have co-founded an AI platform for clinical research compliance. Additionally, they are developing a neurovascular medical device and have experience in supporting clinical validation and KOL engagement in the tech industry."
  },
  {
    "id": 47,
    "sectors": [
      "VC / Investing",
      "HealthTech",
      "Retail / CPG",
      "Consumer Tech"
    ],
    "description": "With expertise in investments and portfolio strategy within bio-healthcare and food technology, this individual has founded and scaled startups in sustainable agtech and tech-enabled pet healthcare. They have experience leading cross-border startup programs and hold advanced degrees in business administration."
  },
  {
    "id": 48,
    "sectors": [
      "AI/ML",
      "Data Science",
      "FinTech",
      "Enterprise Software"
    ],
    "description": "With over 15 years of experience in AI and data innovation, this individual has worked across various sectors including fintech, enterprise software, consulting, and professional services. They possess expertise in helping organizations adopt AI-driven approaches, automate manual processes, implement intelligent workflows, and enhance operational efficiency through data-driven strategies. Their background includes advising startups and financial entities, and they hold degrees in electrical and computer engineering as well as business administration."
  },
  {
    "id": 49,
    "sectors": [
      "Consumer Tech",
      "FinTech",
      "AI/ML",
      "Enterprise Software"
    ],
    "description": "With over a decade of experience in the technology sector, this individual has developed expertise in areas such as B2B sales strategy, product management, and pioneering new initiatives, including work in generative AI and voice technology. They are eager to share their knowledge and insights with emerging leaders in technology and business."
  },
  {
    "id": 50,
    "sectors": [
      "Enterprise Software",
      "AI/ML",
      "Transportation / Mobility"
    ],
    "description": "This individual has extensive experience leading the development of software products, particularly in logistics and supply-chain, and has a strong background in application development and product management. They hold advanced degrees in engineering, business, and computer science, with a focus on machine learning. Their career spans both established and venture-backed environments, demonstrating expertise in technology leadership and innovation."
  },
  {
    "id": 51,
    "sectors": [
      "Cybersecurity",
      "AI/ML",
      "Enterprise Software",
      "VC / Investing"
    ],
    "description": "An experienced entrepreneur and investor with a background in founding multiple B2B enterprise technology ventures, this individual has developed expertise in both marketing and product development. They have gained significant insights into startup operations, made valuable contributions as an angel investor and advisor, and have a strong understanding of leveraging AI to support engineering teams. Their journey reflects a commitment to learning from challenges and supporting innovation in the tech industry."
  },
  {
    "id": 52,
    "sectors": [
      "AI/ML",
      "Consumer Tech",
      "FinTech",
      "Enterprise Software",
      "VC / Investing"
    ],
    "description": "With extensive experience in founding, building, and selling multiple technology ventures, this individual holds several AI technology patents and has expertise in private equity investment across various asset classes. Their academic pursuits include doctoral research focused on cross-ecosystem resource sharing. They have also contributed to numerous corporate and nonprofit boards, supporting innovation and entrepreneurship initiatives on a global scale."
  },
  {
    "id": 53,
    "sectors": [
      "Transportation / Mobility",
      "VC / Investing",
      "Consumer Tech"
    ],
    "description": "A professional with expertise in social and financial innovation, this individual has led campaigns and climate initiatives, securing significant funding for decarbonization projects. Their work has been recognized by various media outlets and institutions. They founded a platform aimed at closing the funding gap for climate technologies and previously established a venture studio supporting global startups in diverse sectors such as mobility, agriculture, and carbon management."
  },
  {
    "id": 54,
    "sectors": [
      "Robotics / Hardware",
      "Media / Content",
      "Consumer Tech",
      "EdTech",
      "HealthTech"
    ],
    "description": "An experienced professional with strong skills in fabrication, problem-solving, and education, known for designing and building hardware, leading teams, and managing projects from planning to execution. Recognized for making complex tasks appear effortless and maintaining a positive, engaging environment even in challenging situations."
  },
  {
    "id": 55,
    "sectors": [
      "FinTech",
      "Enterprise Software",
      "Consumer Tech"
    ],
    "description": "Brings over 28 years of insurance industry experience across multiple regions, with expertise in business transformation, strategic planning, operations, and incentive program development. Has co-founded a digital life insurance venture and served as an advisor and domain expert for technology-driven insurance platforms, demonstrating a strong background in both traditional and digital insurance solutions."
  },
  {
    "id": 56,
    "sectors": [
      "Consumer Tech",
      "AI/ML",
      "Cybersecurity",
      "Data Science",
      "Robotics / Hardware"
    ],
    "description": "Experienced in managing large-scale consumer products with expertise in growth, cybersecurity, and AI/GenAI. Skilled in product and business strategy, analytics, product growth, and team leadership. Background includes work in search, recommendation systems, machine learning, location services, wireless technologies, hardware, and consumer electronics. Passionate about collaboration, mentoring, and continuous learning."
  },
  {
    "id": 57,
    "sectors": [
      "FinTech",
      "VC / Investing"
    ],
    "description": "Brings four decades of expertise in asset and wealth management, with a strong focus on equities and quantitative investing. Experience spans fundamental and quantitative research, as well as leadership roles overseeing investment strategies and managing teams. Recognized for broad industry knowledge and a track record of driving results in complex financial environments."
  },
  {
    "id": 58,
    "sectors": [
      "Retail / CPG",
      "Media / Content",
      "Consumer Tech",
      "AI/ML"
    ],
    "description": "With over a decade of experience in innovation across various industries, this individual has built and led cross-functional teams, designing solutions for diverse consumer and business needs on a global scale. Their background includes expertise in driving product development, fostering inclusivity in technology, and advocating for the responsible use of AI. Additionally, they have experience as a lecturer and career coach, and are known for tackling challenges at the intersection of technology, people, and ambiguity."
  },
  {
    "id": 59,
    "sectors": [
      "Media / Content",
      "Enterprise Software",
      "FinTech",
      "EdTech"
    ],
    "description": "With expertise in brand marketing, music licensing, and creator culture, this individual has experience strategizing and implementing cloud systems, managing cross-functional teams, and providing consulting services. They have demonstrated leadership in launching a music tech platform and hold an MBA, reflecting a strong background in both technology and business innovation."
  },
  {
    "id": 60,
    "sectors": [
      "Consumer Tech",
      "Media / Content",
      "Enterprise Software"
    ],
    "description": "With extensive experience in defining vision and strategy, this individual excels at strengthening market position, developing innovative products and services, and fostering a culture of lifelong learning. Over a career spanning more than two decades, they have contributed to significant organizational growth, international expansion, and integration, with a strong emphasis on technology and operational excellence. Their leadership is marked by a commitment to client and corporate development."
  },
  {
    "id": 61,
    "sectors": [
      "Retail / CPG",
      "Consumer Tech",
      "Enterprise Software",
      "Data Science"
    ],
    "description": "Experienced in entrepreneurship, operations, and analytics with a focus on mergers and acquisitions. Provides mentorship to various organizations and institutions, contributes to advisory boards, and has a strong background in producing large-scale events."
  },
  {
    "id": 62,
    "sectors": [
      "HealthTech",
      "Consumer Tech",
      "Robotics / Hardware",
      "EdTech"
    ],
    "description": "With over 15 years of experience, this professional has driven innovation initiatives in diverse fields such as wearable health technology and assistive devices. Their expertise combines strategic vision with practical implementation, resulting in scalable and inclusive solutions that integrate design, technology, and community engagement."
  },
  {
    "id": 63,
    "sectors": [
      "AI/ML",
      "Data Science",
      "Robotics / Hardware",
      "Consumer Tech"
    ],
    "description": "Has experience mentoring students, founding multiple startups, and participating in various startup accelerators and incubators. Demonstrates expertise in data science using R and research and development in advanced technology environments."
  },
  {
    "id": 64,
    "sectors": [
      "HealthTech",
      "AI/ML",
      "Healthcare"
    ],
    "description": "With 25 years of experience in healthcare technology, this individual has developed expertise in product leadership and management, contributing to the growth and international reach of AI-powered healthcare solutions. Their background includes a strong foundation in research and an academic degree in English Literature, which has informed their approach to innovation and leadership in the industry."
  },
  {
    "id": 65,
    "sectors": [
      "AI/ML",
      "FinTech",
      "Consumer Tech",
      "Enterprise Software"
    ],
    "description": "A technologist and entrepreneur with expertise in machine learning, distributed systems, and voice applications, this individual has experience developing predictive models for global production use, founding startups, and working on projects involving TTS models, voice agents, and edge computing. Their background includes advanced academic training and leadership in technology-driven ventures."
  },
  {
    "id": 66,
    "sectors": [
      "LegalTech",
      "Media / Content",
      "HealthTech",
      "Enterprise Software",
      "VC / Investing"
    ],
    "description": "With extensive experience in corporate and capital markets transactions, this individual advises on IPOs, follow-on offerings, and private placements, and has worked with major investment banks. Recognized for expertise in global offerings, they also support entrepreneurs and investors in the tech and biotech sectors, particularly within emerging and fast-growth companies."
  },
  {
    "id": 67,
    "sectors": [
      "Consumer Tech",
      "EdTech"
    ],
    "description": "With an MBA in Marketing and eight years of experience in product marketing, this individual has developed expertise in sales, sales management, and sales training within the semiconductor industry. They have applied their sales and marketing knowledge as a consultant and currently share their expertise through teaching at a leading business school."
  },
  {
    "id": 68,
    "sectors": [
      "Enterprise Software",
      "VC / Investing",
      "Robotics / Hardware"
    ],
    "description": "With over two decades of experience in the energy and technology sectors, this individual has developed expertise in start-up development, investment advisory, due diligence, and value creation for investors. Their background includes extensive leadership and general management experience, as well as a strong track record in supporting private equity, venture capital, and angel investment activities."
  },
  {
    "id": 69,
    "sectors": [
      "Media / Content",
      "Consumer Tech"
    ],
    "description": "This individual is a curator, new media artist, and designer with advanced degrees in interactive telecommunications, architecture, and advertising. Their experience includes developing interactive exhibitions, creating innovative crowdsourcing platforms, and teaching in visual arts and design. They have received multiple awards and have participated as both a member and mentor in creative incubator programs."
  },
  {
    "id": 70,
    "sectors": [
      "AI/ML",
      "Consumer Tech",
      "Enterprise Software"
    ],
    "description": "With a strong background in engineering leadership, this individual has demonstrated expertise in developing high-quality data solutions for large language model training and evaluation, leading teams in building AI safety modeling and measurement systems, and advancing natural language understanding and processing for smart applications. Their career reflects a consistent focus on impactful contributions to advanced AI and machine learning domains."
  },
  {
    "id": 71,
    "sectors": [
      "LegalTech",
      "Media / Content"
    ],
    "description": "With a background in biomedical engineering and legal studies, this individual earned a JD and dedicated over five decades to practicing intellectual property law before retiring in 2009."
  },
  {
    "id": 72,
    "sectors": [
      "FinTech",
      "AI/ML",
      "Data Science",
      "Enterprise Software"
    ],
    "description": "With three years of experience in software engineering, this individual specializes in developing efficient systems for data pipelines and automation, particularly in the context of financial data. With a background in operations research and information engineering, they are skilled in streamlining complex data processes and are passionate about using technology and AI to enhance data accuracy and workflow automation."
  },
  {
    "id": 73,
    "sectors": [
      "HealthTech",
      "Retail / CPG",
      "VC / Investing"
    ],
    "description": "With expertise in shaping health innovation, this individual excels at identifying and fostering promising ventures and partnerships. They have led teams in developing award-winning strategies for new products, services, and business models, drawing on advanced training in public health, sociomedical science, and business administration with a focus on digital health and human behavior."
  },
  {
    "id": 74,
    "sectors": [
      "Retail / CPG",
      "Data Science",
      "AI/ML",
      "HealthTech",
      "Consumer Tech"
    ],
    "description": "With extensive experience in food composition data, AI personalization, and consumer product innovation, this individual has built expertise in developing personalized food recommendations using proprietary ingredient and nutrient insights. They have a strong background in advising major retailers and brands on digital transformation and operational improvement, consistently working at the intersection of data, health, and consumer behavior to translate complex systems into scalable solutions."
  },
  {
    "id": 75,
    "sectors": [
      "AI/ML",
      "Data Science",
      "FinTech",
      "Consumer Tech",
      "Enterprise Software"
    ],
    "description": "With 13 years of experience in technology, consulting, data science, and AI product development, this individual has a strong track record in transforming complex business challenges into AI-driven solutions, from initial prototypes to scalable products. They have led and developed high-performing teams specializing in advanced machine learning, achieved significant milestones such as developing patented ML algorithms that improved key processes, and are currently focused on creating prototypes and MVPs with an emphasis on AI innovation."
  },
  {
    "id": 76,
    "sectors": [
      "FinTech",
      "VC / Investing",
      "Enterprise Software"
    ],
    "description": "Experienced in leading early-stage investments, managing deal sourcing, due diligence, and portfolio development. Has supported companies that achieved significant growth and high valuations. Possesses operational expertise from involvement in multiple startups with substantial enterprise value."
  },
  {
    "id": 77,
    "sectors": [
      "AI/ML",
      "Robotics / Hardware",
      "Consumer Tech"
    ],
    "description": "Experienced in co-founding and successfully exiting a technology venture focused on 3D optimization for developers, with a strong background in product and design leadership. Demonstrated expertise in advancing spatial capture technologies and contributing to the democratization of 2D and 3D content creation."
  },
  {
    "id": 78,
    "sectors": [
      "Media / Content",
      "Consumer Tech"
    ],
    "description": "With a background in human service studies, this individual has extensive experience in technology and business development, particularly in the areas of computer networks, web and wireless development, and music streaming. Their career highlights include designing early wireless devices and leading business development efforts for over two decades in the digital music industry, demonstrating strong skills in product management, partnership building, and strategic growth within evolving tech environments."
  },
  {
    "id": 79,
    "sectors": [
      "FinTech",
      "AI/ML",
      "Enterprise Software",
      "Data Science"
    ],
    "description": "Experienced in developing and scaling digital financial products, with a track record of launching high-impact technology applications and customer experience features for millions of users. Has driven the creation of platforms in wealth technology, fraud prevention, and capital markets analytics, resulting in significant revenue growth and asset acquisition. Expertise includes expanding AI-powered investment solutions into emerging areas such as crypto and tokenized assets. Also active as a fintech lecturer, advisory board member, and mentor to student ventures."
  },
  {
    "id": 80,
    "sectors": [
      "LegalTech",
      "AI/ML",
      "HealthTech",
      "Media / Content"
    ],
    "description": "This individual has extensive experience in technology and human rights, particularly in artificial intelligence, handling cases from initial consultation through high-level appeals and collaborating with industry experts on complex legal issues. Their background includes judicial experience as a law clerk and intern in federal court, academic contributions as a fellow at a leading innovation and technology center, and advanced legal education with credentials from prominent institutions."
  },
  {
    "id": 82,
    "sectors": [
      "Consumer Tech",
      "Healthcare"
    ],
    "description": "With over a decade of experience in aging services, this individual has developed expertise in program development and consulting, particularly in initiatives supporting older adults and promoting creative engagement. Their background includes leading programs and providing guidance to enhance the well-being and enrichment of senior communities."
  },
  {
    "id": 83,
    "sectors": [
      "AI/ML",
      "Enterprise Software",
      "Retail / CPG"
    ],
    "description": "With extensive experience in integrating both traditional and generative AI features into enterprise products, this individual has demonstrated expertise in developing advanced AI solutions. Their recent work centers on enabling the creation of custom generative AI agents, showcasing a strong focus on innovation and practical application of AI technologies."
  },
  {
    "id": 84,
    "sectors": [
      "HealthTech",
      "EdTech",
      "Consumer Tech"
    ],
    "description": "This individual has extensive experience in research related to aging, including cognition, social isolation, healthcare access, family caregiving, technology, and functional assessment. With over three decades of continuous research funding from major national agencies and foundations, they have made significant contributions to scientific literature, authoring numerous books, book chapters, and over 200 scientific articles. Their work spans multiple disciplines, including Gerontology, Psychology, Engineering, Human-Computer Interaction, and Medicine."
  },
  {
    "id": 85,
    "sectors": [
      "AI/ML",
      "HealthTech",
      "Data Science"
    ],
    "description": "This individual holds a PhD and has conducted post-doctoral research, contributing to computational fields such as machine learning, forensics, and nuclear weapon modeling, with published work in human genetics and epigenetics. They specialize in using limited experimental data to make significant forecasts, currently focusing on modeling human genomic inheritance to assess embryonic health risks. Their efforts have led to advancements in genomic risk analysis for embryo selection in IVF, emphasizing ethical and demographically sensitive approaches."
  },
  {
    "id": 86,
    "sectors": [
      "FinTech",
      "Enterprise Software",
      "EdTech",
      "AI/ML",
      "Retail / CPG"
    ],
    "description": "With a background in product management, software engineering, and entrepreneurship, this individual has expertise in leading technical platforms, enhancing customer experiences through machine learning and generative AI, and building fintech solutions. They have a proven track record of driving significant revenue growth, launching educational ventures, and mentoring students to achieve success in technology careers."
  },
  {
    "id": 87,
    "sectors": [
      "AI/ML",
      "Enterprise Software",
      "Cybersecurity",
      "VC / Investing",
      "Media / Content"
    ],
    "description": "Brings over nine years of expertise spanning strategy, venture, accelerator programs, product development, and engineering, with a focus on cloud, enterprise, security, adtech, and AI sectors."
  },
  {
    "id": 88,
    "sectors": [
      "HealthTech",
      "AI/ML",
      "Robotics / Hardware",
      "Consumer Tech"
    ],
    "description": "This individual has extensive experience in academic research on human-computer interaction, with a focus on leveraging wearable and ubiquitous devices to improve healthcare. Their work includes designing haptic devices for innovative therapeutic applications and developing wearable sensing systems for continuous health monitoring. They have published research in leading venues in their field and actively coordinate student-focused initiatives within the global brain-computer interface research community."
  },
  {
    "id": 89,
    "sectors": [
      "Healthcare",
      "HealthTech",
      "AI/ML",
      "Enterprise Software"
    ],
    "description": "This individual has a background in medicine and business, with experience leading projects that integrate clinical care, operational improvement, and digital health. They have transformed a startup initiative into research focused on feedback in hospital medicine and have conducted additional research on self-assessment tools, electronic health record optimization, and digital health applications, resulting in multiple publications. Their ongoing work centers on bridging clinical practice with healthcare operations through innovation in electronic medical records and related systems."
  },
  {
    "id": 90,
    "sectors": [
      "AI/ML",
      "Data Science",
      "Enterprise Software"
    ],
    "description": "With five years of experience in building and training machine learning models, this individual has a strong background in artificial intelligence and entrepreneurship, having founded ventures during their academic studies and later focusing on developing AI data engineering solutions."
  },
  {
    "id": 91,
    "sectors": [
      "FinTech",
      "Enterprise Software",
      "Consumer Tech"
    ],
    "description": "With extensive experience in payments and data, this individual has developed and launched globally used B2B products. Beginning as a software engineer, they transitioned to product management, demonstrating a strong ability to lead teams, drive innovation, and scale ideas from concept to widespread adoption."
  },
  {
    "id": 92,
    "sectors": [
      "Enterprise Software",
      "AI/ML",
      "Data Science",
      "Consumer Tech"
    ],
    "description": "With eight years of experience in tech product management, this individual has focused on developing innovative cloud computing products. They also have entrepreneurial experience, having founded a software company and gained valuable insights from both successes and failures in the industry."
  },
  {
    "id": 93,
    "sectors": [
      "Consumer Tech",
      "Transportation / Mobility",
      "EdTech",
      "Media / Content"
    ],
    "description": "A seasoned engineering leader with deep expertise in mobile development and platform architecture, this individual has built global transit solutions and developed a platform for personalized children's books. Passionate about high-impact technology, they also serve as a board advisor for startups and mentor students entering the tech world."
  },
  {
    "id": 94,
    "sectors": [
      "AI/ML",
      "Data Science",
      "Enterprise Software"
    ],
    "description": "With a background in machine learning engineering and expertise in advanced analytics, this individual applies state-of-the-art models to address complex business challenges and generate actionable insights. They possess a strong technical foundation and are dedicated to leveraging data science to inform strategic decision-making and create value, particularly within the commercial real estate sector."
  },
  {
    "id": 95,
    "sectors": [
      "Consumer Tech",
      "Enterprise Software",
      "Transportation / Mobility"
    ],
    "description": "With expertise in real estate technology and urban innovation, this individual has led impactful projects focused on integrating digital systems into the built environment. Their work centers on developing digital infrastructure strategies that drive new revenue, enhance operational efficiency, and improve customer experiences for clients in real estate and venue operations."
  },
  {
    "id": 96,
    "sectors": [
      "EdTech",
      "Data Science",
      "Enterprise Software",
      "Consumer Tech"
    ],
    "description": "Experienced in founding and developing early stage technology ventures, with a background in leading product development for educational technology initiatives and contributing to marketing analytics projects. Skilled in search quality and holds an engineering degree from a leading technical university."
  },
  {
    "id": 97,
    "sectors": [
      "Transportation / Mobility",
      "Enterprise Software",
      "EdTech",
      "Consumer Tech"
    ],
    "description": "A seasoned leader in public sector and operations with over 15 years of experience in city government, civic tech, and innovation. Specializes in cross-functional management, systems design, and performance tracking, with a focus on practical, people-centered approaches to social impact. Has led initiatives in talent and workforce development, launched and scaled cooperative ventures, and supported data-driven service delivery."
  },
  {
    "id": 98,
    "sectors": [
      "FinTech",
      "Consumer Tech"
    ],
    "description": "This individual has extensive experience developing virtual card solutions across various segments of the credit card industry, including commercial, small business, consumer, and debit. They have successfully built platforms from inception, scaling them from initial launch to significant growth in transaction volume, demonstrating expertise in driving substantial increases in credit card spend."
  },
  {
    "id": 99,
    "sectors": [
      "FinTech",
      "Media / Content",
      "Consumer Tech",
      "Enterprise Software"
    ],
    "description": "With a background in computer science and over a decade of experience developing software products and addressing real-world challenges across various industries, this individual has built a strong technical foundation and a keen understanding of product development. After pursuing an MBA to acquire business acumen and strategic insight, they now operate at the intersection of technology, user needs, and business impact, leveraging both engineering expertise and business perspective to drive product strategy."
  },
  {
    "id": 100,
    "sectors": [
      "AI/ML",
      "Data Science",
      "EdTech",
      "HealthTech",
      "FinTech",
      "Enterprise Software"
    ],
    "description": "With a background in computer science (graphical and voice interaction, cloud computing platforms, AI and Machine Learning) and over a decade of experience developing software products and addressing real-world challenges across various industries, this individual has built a strong technical foundation and a keen understanding of product development in both startup and large organizations. After pursuing a PhD on social and policy impacts of computing technologies to acquire business acumen and strategic insight, they now operate at the intersection of technology, user needs, and business impact, leveraging both engineering expertise and industry perspective to drive product strategy."
  },
  {
    "id": 101,
    "sectors": [
      "FinTech"
    ],
    "description": "Experienced in credit risk review, portfolio management, and risk management, with a background in implementing regulatory standards and engaging with boards, regulators, and investors."
  },
  {
    "id": 102,
    "sectors": [
      "FinTech",
      "AI/ML",
      "Data Science",
      "Media / Content",
      "Consumer Tech",
      "Enterprise Software"
    ],
    "description": "With over 20 years of experience across data-driven industries such as identity verification, marketing technology, analytics, advertising technology, e-commerce, mobile payments, and telecommunications, this professional has demonstrated expertise in defining product vision, driving product roadmaps and go-to-market strategies, building and managing partnerships, and fostering executive-level relationships. They have successfully led global teams and are skilled in developing and executing strategies in product management, development, partnerships, sales, and marketing within both start-up and large-scale environments."
  },
  {
    "id": 103,
    "sectors": [
      "AI/ML",
      "Data Science",
      "FinTech",
      "HealthTech",
      "Retail / CPG",
      "Enterprise Software",
      "EdTech"
    ],
    "description": "With over two decades of experience, this professional specializes in leveraging data and artificial intelligence to drive business impact for a range of organizations, from large enterprises to startups. She has provided strategic guidance across diverse functions such as marketing, operations, risk, and international trade, and is recognized for promoting responsible AI adoption. Her expertise includes mentoring emerging founders, contributing to thought leadership through co-authoring a book on custom AI models, and advancing diversity in the AI field. She holds degrees in computer science and business administration."
  },
  {
    "id": 105,
    "sectors": [
      "Robotics / Hardware",
      "Consumer Tech",
      "Enterprise Software",
      "Transportation / Mobility"
    ],
    "description": "Demonstrates a strong background in hands-on engineering, beginning with early projects in sustainable technology. Experience includes technical work in avionics and a commitment to continuous learning through academic pursuits. Skilled in experimental problem solving and applying innovative solutions to real-world challenges."
  },
  {
    "id": 106,
    "sectors": [
      "Consumer Tech"
    ],
    "description": "With over ten years of experience, this professional specializes in urban resilience, climate adaptation, and sustainable coastal development. Their expertise includes water resource management and addressing climate impacts in vulnerable coastal and island communities, supported by advanced academic training in regional planning."
  },
  {
    "id": 107,
    "sectors": [
      "EdTech",
      "Retail / CPG"
    ],
    "description": "This individual comes with extensive experience in higher education, K-12 education, and retail. They have developed strong skills in problem solving, project advising, administrative operations, and team management. They are committed to work that positively impacts society and have demonstrated adaptability across diverse industries and environments."
  },
  {
    "id": 108,
    "sectors": [
      "LegalTech",
      "FinTech",
      "Enterprise Software"
    ],
    "description": "This individual is a multidisciplinary professional with expertise in law, finance, compliance, and emerging skills in technology and engineering, aiming to pursue entrepreneurship. With advanced degrees in law, taxation, and business, and recognition in a business competition, they have experience in leadership, product management, tax policy, data governance, and regulatory compliance. Currently, they are enhancing their technical knowledge through graduate studies, integrating this with their legal and financial background to develop an innovative startup."
  },
  {
    "id": 109,
    "sectors": [
      "Media / Content",
      "Consumer Tech",
      "Enterprise Software",
      "Retail / CPG",
      "Healthcare"
    ],
    "description": "With over 25 years of experience in hospitality, real estate, and technology, this individual excels at scaling organizations, navigating complex challenges, and building high-performing teams. Their approach combines strategic insight with practical operational expertise, and they have a proven track record of leading large-scale transformations resulting in significant growth in locations, workforce, and revenue."
  },
  {
    "id": 110,
    "sectors": [
      "Enterprise Software",
      "Consumer Tech",
      "FinTech",
      "HealthTech",
      "Data Science",
      "EdTech"
    ],
    "description": "With over three decades of experience, this professional has led and expanded global client relationships across multiple regions for large-scale outsourcing and transformation programs in information technology, infrastructure, and business services. Demonstrated expertise includes driving significant business growth, managing profit and loss, and delivering operational excellence and value to stakeholders. They are also passionate about mentoring and advancing others in their careers."
  },
  {
    "id": 111,
    "sectors": [
      "FinTech",
      "Enterprise Software",
      "VC / Investing"
    ],
    "description": "With over 20 years of experience in capital markets, this individual has led enterprise-wide, cross-functional teams and collaborated with various financial institutions and digital asset platforms. Their expertise includes developing institutional client strategies, designing operating frameworks for digital assets, conducting operational risk assessments, and performing due diligence evaluations. They are also recognized for their leadership in communities focused on central bank digital currencies."
  },
  {
    "id": 112,
    "sectors": [
      "Enterprise Software",
      "FinTech",
      "HealthTech",
      "Cybersecurity"
    ],
    "description": "Experienced in building and transforming billing, finance, and revenue commerce systems, with a strong background in developing products that support monetization for a wide range of businesses at significant scale. Skilled in enabling various sales models and go-to-market strategies across diverse global market segments."
  },
  {
    "id": 113,
    "sectors": [
      "AI/ML",
      "Data Science",
      "EdTech",
      "Healthcare",
      "FinTech",
      "LegalTech",
      "Enterprise Software"
    ],
    "description": "A leader in technology, data, and social impact, this individual is recognized for expertise in strengthening technical and data strategies, advancing ethical technology, and promoting responsible AI. With experience advising organizations, contributing to thought leadership through co-authorship, and serving on advisory boards, they are also affiliated with academic research centers."
  },
  {
    "id": 114,
    "sectors": [
      "Enterprise Software",
      "Consumer Tech",
      "AI/ML"
    ],
    "description": "With a decade of experience, this professional has led initiatives in cloud, DevOps, and AI-driven products, focusing on enhancing performance, security, and customer engagement. They have contributed to the growth and scaling of developer ecosystems worldwide and possess a strong blend of business acumen and technical expertise, supported by an MBA, to deliver customer-centric solutions."
  },
  {
    "id": 115,
    "sectors": [
      "Consumer Tech",
      "HealthTech",
      "Enterprise Software",
      "Robotics / Hardware"
    ],
    "description": "Experienced in private equity, mergers and acquisitions, and entrepreneurship across WiFi, property technology, health technology, and consumer hardware sectors. Demonstrated leadership in managing multiple business units with a global reach, serving millions of households and hundreds of service providers."
  },
  {
    "id": 116,
    "sectors": [
      "VC / Investing",
      "AI/ML",
      "Robotics / Hardware"
    ],
    "description": "Experienced in early-stage investment and support for AI, deep tech, robotics, drones, and energy infrastructure, with a background in managing accelerator programs focused on quantum technologies and artificial intelligence. Skilled in identifying and nurturing innovative startups in advanced technology sectors."
  },
  {
    "id": 117,
    "sectors": [
      "Consumer Tech",
      "Enterprise Software"
    ],
    "description": "Brings over seven years of experience in the tech industry, demonstrating a strong ability to deliver meaningful business results through software engineering expertise. Skilled in leveraging technical knowledge to create impactful solutions and drive measurable outcomes."
  },
  {
    "id": 118,
    "sectors": [
      "FinTech",
      "Media / Content",
      "Consumer Tech",
      "Enterprise Software",
      "AI/ML"
    ],
    "description": "Driven by a lifelong curiosity for understanding how things work, this individual has extensive experience working on experimental and innovative projects. They have a strong background in mentoring others in their field and find guiding and supporting peers to be highly rewarding."
  },
  {
    "id": 119,
    "sectors": [
      "Consumer Tech",
      "AI/ML",
      "Robotics / Hardware",
      "EdTech",
      "Enterprise Software"
    ],
    "description": "With a background in both B2B and B2C marketing within the tech industry, this individual specializes in go-to-market strategy and in-market optimization for software and hardware products. Their experience also includes work in renewable energy and public policy, supported by an advanced business degree."
  },
  {
    "id": 120,
    "sectors": [
      "Healthcare",
      "HealthTech",
      "VC / Investing"
    ],
    "description": "This individual has extensive experience in developing programs and services to support adults and children with disabilities and their families, as well as expertise in exploring new ventures and establishing partnerships to advance organizational goals. They have a strong background in health care consulting, advising a range of clients on adapting to evolving health care policies, market trends, and identifying business opportunities."
  },
  {
    "id": 121,
    "sectors": [
      "AI/ML",
      "Consumer Tech",
      "Enterprise Software",
      "Retail / CPG",
      "Transportation / Mobility"
    ],
    "description": "Possesses extensive experience developing machine learning-driven products for both consumer and enterprise applications, with a focus on experimentation, optimization intelligence, and personalized communications at a global scale. Has led cross-functional initiatives involving advanced model frameworks such as contextual bandits and reinforcement learning to enhance messaging strategies across various domains. Previous work includes building machine learning platform capabilities, such as recommendation engines, dynamic pricing modules, promotional recommendation systems, and forecasting tools for large-scale operations."
  },
  {
    "id": 122,
    "sectors": [
      "Enterprise Software",
      "EdTech",
      "Consumer Tech"
    ],
    "description": "This individual has extensive experience advancing innovation and technology to improve economic outcomes for low-income populations in the U.S. They have contributed to policy implementation at the federal level and have worked to scale evidence-based solutions across various levels of government. Their academic background includes a Ph.D. in Industrial and Systems Engineering and a B.S.E. in Computer Engineering."
  },
  {
    "id": 123,
    "sectors": [
      "AI/ML",
      "Enterprise Software",
      "Consumer Tech"
    ],
    "description": "With a strong academic background in technology, this individual has experience applying AI and economic principles to optimize large-scale data center resources, developing and deploying multimodal models on advanced hardware, and advancing the scalability and efficiency of AI models for research and production. Their work emphasizes innovation in making AI systems faster and more cost-effective."
  },
  {
    "id": 124,
    "sectors": [
      "FinTech",
      "Enterprise Software",
      "EdTech"
    ],
    "description": "A seasoned technology professional with extensive expertise in database reliability engineering, software development, and automation, this individual has led strategic database initiatives, managed infrastructure enhancements, and mentored engineering teams. Their work has focused on optimizing performance through migrations, implementing modern monitoring solutions, and driving automation, resulting in reduced operational costs and improved efficiency. They hold a Master\u2019s in Electrical Engineering with a specialization in Databases."
  },
  {
    "id": 125,
    "sectors": [
      "FinTech",
      "VC / Investing"
    ],
    "description": "With a background in mathematics and extensive experience in finance, this individual has demonstrated entrepreneurial expertise by founding and successfully exiting ventures, investing in innovative founders and technologies, and maintaining a forward-thinking approach that emphasizes boldness and vision in shaping the future."
  },
  {
    "id": 126,
    "sectors": [
      "FinTech",
      "Consumer Tech",
      "Retail / CPG"
    ],
    "description": "Brings nearly 13 years of experience in the payments industry, with specialized expertise in customer experience, onboarding processes, and go-to-market implementation strategies. Has worked extensively with diverse clients, including those in financial services, technology, and retail sectors."
  },
  {
    "id": 127,
    "sectors": [
      "AI/ML",
      "Data Science",
      "Robotics / Hardware",
      "HealthTech",
      "Consumer Tech"
    ],
    "description": "With extensive experience in developing AI projects, this individual has dedicated over 10,000 hours to creating solutions such as optimization models for fantasy sports, reinforcement learning systems for robotics, autonomous robots, AI-generated music, music recommendation engines, natural language processing tools for document classification, avionic software for aerospace applications, and federated learning products for medical imaging. Their work demonstrates a passion for building innovative technologies across diverse domains."
  },
  {
    "id": 128,
    "sectors": [
      "FinTech",
      "VC / Investing",
      "Data Science"
    ],
    "description": "With extensive experience in digital asset development and investment, this individual has demonstrated expertise in managing investment funds focused on liquid tokens and in creating innovative growth protocols within blockchain ecosystems."
  },
  {
    "id": 129,
    "sectors": [
      "Data Science",
      "Healthcare",
      "HealthTech",
      "Retail / CPG",
      "Enterprise Software",
      "VC / Investing"
    ],
    "description": "With seven years of experience, this professional has helped major clients implement data solutions that enhance operational effectiveness. Their expertise includes data engineering, data science, and developing workflow applications across industries such as healthcare, retail, and supply chain. Their background also includes work at a technology startup and internships at prominent organizations. They hold a Master\u2019s degree in Health Tech."
  },
  {
    "id": 130,
    "sectors": [
      "FinTech",
      "AI/ML",
      "Media / Content",
      "VC / Investing"
    ],
    "description": "With expertise in algorithmic research, this individual has applied advanced techniques to areas such as high-frequency financial trading, fintech, cryptocurrency, online ratings, and recommendation systems. They have also demonstrated entrepreneurial initiative by developing a decentralized application that gamifies music ratings and facilitates music-related investments."
  },
  {
    "id": 131,
    "sectors": [
      "Transportation / Mobility",
      "VC / Investing",
      "Enterprise Software"
    ],
    "description": "An experienced professional with a strong background in investment, board leadership, and strategic growth, particularly in the transportation sector. Demonstrated expertise in scaling businesses globally, financial services, and strategic planning. Holds a CFA\u00ae charter and an academic background in statistics and business management."
  },
  {
    "id": 132,
    "sectors": [
      "AI/ML",
      "Media / Content",
      "Enterprise Software",
      "Consumer Tech",
      "Data Science"
    ],
    "description": "With a strong background in AI, Ad-tech, eCommerce, and growth strategy, this individual has extensive experience leading teams to launch AI/ML-driven products, optimize growth funnels, and build scalable digital experiences. They have contributed to the success of a generative AI startup focused on automating website optimization for improved conversions. Their academic credentials include dual Master\u2019s degrees in Computer Science and Information Science, as well as a B.Tech in Information Technology."
  },
  {
    "id": 133,
    "sectors": [
      "Media / Content",
      "Consumer Tech",
      "Enterprise Software"
    ],
    "description": "Experienced in digital, media, and technology sectors with over 15 years dedicated to driving business transformation for emerging consumer and audience needs. Recognized for expertise in strategic change and fostering open-source collaboration, with a strong commitment to supporting innovators across diverse global markets."
  },
  {
    "id": 134,
    "sectors": [
      "Media / Content",
      "Consumer Tech",
      "Enterprise Software"
    ],
    "description": "With a background in building teams and developing technology to foster creativity, this individual has extensive experience leading product engineering efforts and collaborating with multidisciplinary professionals. They have entrepreneurial experience, having co-founded a generative video startup that received recognition through a notable startup award. They are also actively involved in supporting the tech and startup community through leadership roles in alumni organizations. Their academic credentials include advanced and undergraduate degrees in computer science."
  },
  {
    "id": 135,
    "sectors": [
      "Transportation / Mobility",
      "Enterprise Software",
      "Data Science"
    ],
    "description": "With six years of experience in data and software engineering, this individual has developed data platforms and pipelines for large-scale geospatial data. They are dedicated to creating accessible and impactful software, aiming to leverage technology to foster more livable and equitable urban environments."
  },
  {
    "id": 136,
    "sectors": [
      "Enterprise Software",
      "Consumer Tech",
      "HealthTech",
      "FinTech"
    ],
    "description": "Driven by a passion for leveraging technology to address real-world challenges, this individual emphasizes the importance of purposeful innovation that meaningfully improves lives. With a strategic mindset, they focus on questioning objectives, defining success metrics, and ensuring that technology initiatives have clear, impactful goals. Their approach centers on using technology as a tool for positive change rather than pursuing it for its own sake."
  },
  {
    "id": 137,
    "sectors": [
      "AI/ML",
      "Enterprise Software",
      "Cybersecurity"
    ],
    "description": "With a strong background in theoretical computer science, this individual specializes in formal verification techniques, including abstract interpretation, SMT solving, and symbolic reasoning. They have experience designing and developing large-scale software verification tools for safety-critical systems, introducing innovative approaches to improve analysis precision and scalability. Their research focuses on the intersection of formal methods and AI/ML, particularly in verifying deep learning systems and leveraging language models for test automation."
  },
  {
    "id": 138,
    "sectors": [
      "FinTech",
      "AI/ML",
      "Enterprise Software"
    ],
    "description": "With 15 years of experience in finance, this individual has developed expertise in quantitative analysis, software development, and product management across areas such as research, trading, analytics, and operations. They have led teams to build API-based platforms for investment workflows, managed solution architecture, and overseen multiple partner integrations. Their recent focus includes advancing skills in generative AI through side projects and formal certification."
  },
  {
    "id": 139,
    "sectors": [
      "Data Science",
      "AI/ML",
      "FinTech",
      "Media / Content",
      "HealthTech",
      "VC / Investing",
      "Consumer Tech",
      "Enterprise Software"
    ],
    "description": "Experienced in natural language processing and machine learning, with a focus on civic technology, urban informatics, and local democracy. Skilled in developing data assets and analytical tools, leading technical teams, and creating products to improve access to local policy information. Has taught statistics and decision theory with Python at the graduate level and holds an advanced degree in urban informatics."
  },
  {
    "id": 140,
    "sectors": [
      "Healthcare",
      "HealthTech"
    ],
    "description": "With a strong background in healthcare strategy and business, this individual has significant experience in areas such as value-based care, specialty pharmacy, and genomics. Their academic credentials include a Bachelor of Science in Biology and Society with a minor in Health Policy, and ongoing MBA studies."
  },
  {
    "id": 141,
    "sectors": [
      "Enterprise Software",
      "FinTech",
      "Healthcare",
      "AI/ML",
      "Data Science"
    ],
    "description": "With over 14 years of experience, this individual has developed expertise in data management, software engineering, and enterprise modernization, delivering impactful solutions for large-scale data platforms and master data management. They are active in the tech community through conference participation, mentoring, and guest lecturing, with skills spanning cloud-native architecture, real-time data integration, and AI-driven automation."
  },
  {
    "id": 143,
    "sectors": [
      "FinTech",
      "Enterprise Software",
      "AI/ML",
      "VC / Investing",
      "EdTech"
    ],
    "description": "This individual specializes in technology policy and product strategy, with a focus on integrating emerging technologies with responsible governance. Their experience includes developing AI governance frameworks that balance innovation and safety, working at the intersection of technology and social impact, and facilitating connections between financial institutions and tech innovators. They have also contributed to early stage startups in areas such as operations, fundraising, marketing, and strategy."
  },
  {
    "id": 144,
    "sectors": [
      "Consumer Tech",
      "Enterprise Software",
      "EdTech"
    ],
    "description": "With extensive experience in product development, scalable architecture, and user engagement, this individual has driven significant improvements in subscription growth through innovative payment solutions. They are a seasoned mentor and advisor, guiding student teams through product ideation, strategy, and prototyping, and are passionate about helping the next generation create impactful solutions."
  },
  {
    "id": 145,
    "sectors": [
      "Media / Content",
      "AI/ML",
      "Consumer Tech"
    ],
    "description": "With over 15 years of experience, this individual has built high-impact digital products and led cross-functional teams, specializing in platform innovation, audience-focused growth strategies, and the application of AI to enhance user experience. Their expertise spans product strategy, user engagement, and scalable technology, consistently emphasizing collaboration, creativity, and measurable impact."
  },
  {
    "id": 146,
    "sectors": [
      "LegalTech",
      "Media / Content",
      "Enterprise Software"
    ],
    "description": "With a background in law and economics and advanced studies in international business and trade law with a focus on European law, this individual is admitted to the bar in Germany. Their experience includes participation in international workshops on best practices for small and medium-sized enterprises, representation of a major European city abroad, and long-term management of projects supporting enterprise networks."
  },
  {
    "id": 147,
    "sectors": [
      "FinTech",
      "Healthcare",
      "Enterprise Software"
    ],
    "description": "With six years of experience in the technology field, this individual has developed expertise across a range of tools and has transitioned from full stack development to a focus on DevOps. They are committed to continuous learning, personal growth, and embracing innovation and change within the industry."
  },
  {
    "id": 148,
    "sectors": [
      "Healthcare",
      "Retail / CPG"
    ],
    "description": "With a strong academic background in Chemical and Industrial Engineering and advanced studies in Operations Research and Information Engineering, this individual has developed expertise in logistics, tactical planning, and supply chain processes. Their experience includes facilitating cross-departmental projects and applying optimization and simulation skills to solve complex challenges such as network and inventory optimization, utilizing the latest technologies."
  },
  {
    "id": 149,
    "sectors": [
      "AI/ML",
      "Data Science",
      "FinTech",
      "Enterprise Software"
    ],
    "description": "With a background in computer science from a leading engineering program, this individual has experience in software engineering, particularly in full stack development. Their work involves contributing to data platform projects, demonstrating skills in both front-end and back-end technologies within the context of data management solutions."
  },
  {
    "id": 150,
    "sectors": [
      "Enterprise Software",
      "FinTech",
      "Retail / CPG",
      "VC / Investing",
      "Consumer Tech"
    ],
    "description": "This individual has extensive experience leading the development and management of foundational technology products serving millions of global users and partners in the advertising sector. Their background includes leveraging analytics to generate strategic insights and manage risks across various industries, including financial services, eCommerce, and telecommunications. They hold an MBA and have provided advisory support to venture-backed startups, demonstrating strong skills in product leadership, analytics, and strategic consulting."
  },
  {
    "id": 151,
    "sectors": [
      "FinTech",
      "Cybersecurity"
    ],
    "description": "Bringing over seven years of experience in developing innovative, user-focused solutions within the Fintech and Insurtech sectors, this individual is dedicated to empowering customers through seamless and engaging experiences. They have managed the entire customer journey, aligning product strategies with financial goals, and have driven significant improvements in client self-service capabilities. Additionally, they mentor team members to strengthen execution and impact modeling skills."
  },
  {
    "id": 152,
    "sectors": [
      "FinTech",
      "Robotics / Hardware",
      "AI/ML",
      "Enterprise Software",
      "Transportation / Mobility"
    ],
    "description": "Experienced in computing science, algorithms, and robotics, with expertise in operating systems, distributed systems, databases, machine learning, control, computer vision, path planning, and hands-on skills in ROS, Arduino, laser cutting, 3D printing, and CAD. Recognized as a conference speaker and contributor to research in UAV-assisted inspection systems and optimization in operational management."
  },
  {
    "id": 153,
    "sectors": [
      "EdTech",
      "Media / Content"
    ],
    "description": "With two decades of experience in community organizing, social entrepreneurship, and creative technology, this individual has dedicated their career to advancing public interest technology and expanding its reach to diverse communities. Their work emphasizes innovative approaches to knowledge sharing and collaboration, particularly through open, community-driven platforms. They have contributed significantly to projects that revitalize academic resources and promote inclusive access to information."
  },
  {
    "id": 154,
    "sectors": [
      "Media / Content",
      "Transportation / Mobility",
      "HealthTech",
      "VC / Investing",
      "Consumer Tech"
    ],
    "description": "With over two decades of experience, this individual specializes in connecting innovation ecosystems across the U.S., international regions, and emerging markets. Their expertise includes developing media platforms focused on topics such as city, culture, creativity, commerce, and community, as well as leading cross-border investment, startup acceleration programs, and collaborative projects with technology startups."
  },
  {
    "id": 155,
    "sectors": [
      "Retail / CPG",
      "Consumer Tech",
      "Healthcare",
      "VC / Investing"
    ],
    "description": "A seasoned global leader with two decades of experience, this individual has directed operations across multiple industries and regions, demonstrating expertise in managing complex mergers and acquisitions, driving turnarounds, and achieving growth in highly regulated and disrupted markets. They have advised private-equity investors on large-scale transactions and hold advanced credentials for experienced board directors."
  },
  {
    "id": 156,
    "sectors": [
      "AI/ML",
      "Enterprise Software",
      "HealthTech",
      "Consumer Tech",
      "VC / Investing"
    ],
    "description": "An award-winning professional with expertise in UX design and entrepreneurship, this individual specializes in AI-driven, large-scale, and impactful digital solutions. With advanced academic credentials and experience in both startup and enterprise settings, they integrate human-centered research, innovative design, and ethical technology to advance digital products. Their work includes developing AI-powered platforms for visual creativity and leading the design of tools that address security and compliance needs. They are recognized for their empathy, strategic thinking, and creativity in problem-solving."
  },
  {
    "id": 157,
    "sectors": [
      "Enterprise Software",
      "Robotics / Hardware",
      "Retail / CPG",
      "AI/ML",
      "Consumer Tech"
    ],
    "description": "With expertise in designing scalable cloud infrastructure systems, this individual develops automated capacity planning solutions that integrate data analytics and human-AI workflow orchestration to ensure high availability across large-scale storage environments. Their experience includes contributing to the launch of services for enterprise-scale management of robotic fleets and IoT devices. They hold advanced degrees in Computer Science and Computer Vision, and have a strong background in both academic and practical aspects of technology."
  },
  {
    "id": 158,
    "sectors": [
      "AI/ML",
      "Data Science",
      "Enterprise Software",
      "FinTech",
      "HealthTech"
    ],
    "description": "With a background in software engineering and quality assurance, this individual has experience in building data solutions for analytics, designing financial instruments, and contributing to projects in health technology, digital marketplaces, and artificial intelligence research. They hold a master's degree in computer science."
  },
  {
    "id": 159,
    "sectors": [
      "Healthcare",
      "Transportation / Mobility",
      "Enterprise Software",
      "HealthTech",
      "EdTech",
      "Consumer Tech"
    ],
    "description": "With over 30 years of experience, this individual has advised executives and organizations across various industries and countries on strategic planning, execution, and achieving high business performance. Their expertise includes addressing challenges related to disruptive technologies and new business models. They have taught subjects such as strategy, entrepreneurship, innovation, design thinking, new product development, and digital transformation, and have managed initiatives supporting student entrepreneurs worldwide. Their educational background spans engineering, public health, and organizational behavior."
  },
  {
    "id": 160,
    "sectors": [
      "Data Science",
      "AI/ML",
      "Enterprise Software",
      "FinTech"
    ],
    "description": "With a strong foundation in finance and mathematics, this individual transitioned to technology, earning a master's degree in computer science. They developed expertise across software engineering, data engineering, data science, and technical leadership, progressively taking on greater responsibilities in data infrastructure and analytics. Their experience includes leading teams, managing product growth, and overseeing the integration of newly acquired teams, demonstrating adaptability and a passion for innovation in the tech startup environment."
  },
  {
    "id": 161,
    "sectors": [
      "HealthTech",
      "AI/ML",
      "Healthcare",
      "Enterprise Software"
    ],
    "description": "Brings 17 years of experience in healthcare IT, specializing in API and EHR integrations, with a background in computer science and artificial intelligence engineering. Demonstrated expertise in launching innovative health technology initiatives, securing significant funding, and obtaining grant support for research and development."
  },
  {
    "id": 162,
    "sectors": [
      "AI/ML",
      "Enterprise Software",
      "Consumer Tech"
    ],
    "description": "This individual holds degrees in Computer Science and Engineering, has co-created an open source distributed tracing database, and develops AI-powered software aimed at reducing cognitive load for site reliability engineers. Outside of work, interests include board games, badminton, and Formula 1."
  },
  {
    "id": 163,
    "sectors": [
      "Retail / CPG",
      "Media / Content",
      "Consumer Tech",
      "Enterprise Software"
    ],
    "description": "With a background in logic design and microchip development, this individual leveraged technical expertise to move into product management, supported by advanced business education. Experience includes developing and managing customer support tools that enhance the capabilities of service agents, with a focus on improving investigation and commerce operations for end users."
  },
  {
    "id": 164,
    "sectors": [
      "Enterprise Software",
      "FinTech",
      "Robotics / Hardware"
    ],
    "description": "With a background in mechanical engineering, this individual has developed expertise in software engineering, engaging in backend and frontend development, cloud development, and hardware programming. These diverse experiences have contributed to a comprehensive understanding of the software field and an extensive knowledge base for tackling new software challenges."
  },
  {
    "id": 165,
    "sectors": [
      "AI/ML",
      "HealthTech",
      "Healthcare"
    ],
    "description": "With extensive experience in developing and deploying safe, effective Large Language Models, this individual possesses expertise in all stages of model development, including pre-training, fine-tuning, and implementing AI agentic frameworks. They are dedicated to leveraging machine learning skills to create practical solutions that enhance health outcomes."
  },
  {
    "id": 166,
    "sectors": [
      "AI/ML",
      "HealthTech",
      "Consumer Tech"
    ],
    "description": "An engineer with a passion for emerging technologies, this individual has accumulated experience across a range of organizations and geographies. They are dedicated to maximizing value throughout their career and are committed to leveraging innovation to create positive outcomes for diverse social groups."
  },
  {
    "id": 167,
    "sectors": [
      "FinTech",
      "Media / Content",
      "Retail / CPG",
      "HealthTech",
      "AI/ML",
      "VC / Investing"
    ],
    "description": "Experienced in scaling businesses across multiple industries including fintech, ad tech, media, commerce, and health, with a track record of involvement in startups from inception to public offerings and successful exits. Demonstrated expertise in acquisition entrepreneurship, revenue growth, retail expansion, and launching B2B operations. Recently co-founded a venture focused on developing an AI-native asset management platform, securing significant pre-seed investment."
  },
  {
    "id": 168,
    "sectors": [
      "Enterprise Software",
      "AI/ML",
      "VC / Investing",
      "Consumer Tech",
      "Robotics / Hardware"
    ],
    "description": "Experienced in high-tech operations, business development, and venture capital, this individual has raised significant capital for early-stage funds and led multiple teams in business and corporate development. They currently manage a substantial technology portfolio and are open to advising startups."
  },
  {
    "id": 169,
    "sectors": [
      "AI/ML",
      "FinTech",
      "Enterprise Software",
      "Retail / CPG",
      "Consumer Tech"
    ],
    "description": "With over six years of experience, this individual has built, scaled, and advised B2B SaaS businesses, focusing on go-to-market strategy, product development, and the application of AI to business workflows. Their background includes developing tools for sales management, founding a direct-to-consumer brand, and working on product positioning and strategy for cloud-based products. They have a strong track record in leveraging technology to enhance enterprise sales processes and automate business operations."
  },
  {
    "id": 171,
    "sectors": [
      "AI/ML",
      "Data Science"
    ],
    "description": "This individual excels in product architecture, guiding teams from initial development through growth phases by identifying gaps, defining new market segments, and shaping competitive strategies. They synthesize qualitative research into actionable insights, develop cost-effective differentiation strategies, and establish clear boundaries to foster team alignment and innovation. Their approach includes alternative path analysis, experimentation to extract meaningful signals, and editorial oversight to support effective decision-making and product delivery. They specialize in understanding user challenges, translating them into technical solutions, and shaping implementable product concepts."
  },
  {
    "id": 172,
    "sectors": [
      "AI/ML",
      "Healthcare",
      "FinTech",
      "Enterprise Software"
    ],
    "description": "With extensive experience in innovation, design, and consulting, this individual specializes in deploying generative AI solutions at scale. They have led the development and scaling of a conversational AI recruiter, achieving high-volume automation in candidate screening. Their expertise spans product strategy, technology, and operations for AI-driven products, and they have advised major enterprises on AI strategy and pilot implementations."
  },
  {
    "id": 173,
    "sectors": [
      "AI/ML",
      "HealthTech",
      "EdTech"
    ],
    "description": "This individual is a communication scientist and licensed speech-language pathologist with expertise in integrating music, artificial intelligence, and cognitive science into diagnostic technologies. Their work includes developing award-winning communication apps for autism, creating acoustic biomarkers for medical diagnostics, and designing innovative frameworks and systems in the field. They contribute to professional boards related to intelligence and AI, and their approach is shaped by personal neurodiversity and experience in music and martial arts. They hold an advanced degree in speech pathology and professional certification."
  },
  {
    "id": 174,
    "sectors": [
      "Enterprise Software",
      "LegalTech",
      "Consumer Tech"
    ],
    "description": "With a background in technology and business, this individual has demonstrated expertise in tech sales, pipeline development, deal closure, and sales strategy optimization using advanced tools and AI-driven prospecting. Their experience spans high-growth environments and includes roles that required adaptability, data fluency, and the ability to communicate value across diverse industries and buyer profiles. They also bring experience in sales engineering, program management, and real estate development, highlighting versatility and a strong understanding of various business functions."
  },
  {
    "id": 175,
    "sectors": [
      "AI/ML",
      "Consumer Tech",
      "Enterprise Software",
      "VC / Investing",
      "Cybersecurity",
      "Retail / CPG"
    ],
    "description": "With a strong foundation in software engineering and product development, this individual has demonstrated technical expertise and a product-focused mindset, contributing to the creation of innovative technology solutions. Their experience includes developing tools to streamline complex transactions and leading efforts to address emerging challenges such as AI-generated deep-fakes. Their career reflects a commitment to entrepreneurship, problem-solving, and delivering impactful technology."
  },
  {
    "id": 176,
    "sectors": [
      "AI/ML",
      "Enterprise Software",
      "VC / Investing",
      "Transportation / Mobility",
      "Consumer Tech"
    ],
    "description": "With extensive experience in founding and scaling technology ventures, this individual has demonstrated expertise in software consulting, product development, and building online platforms for freelance teams. They have successfully grown businesses to significant revenue milestones, led the creation of innovative solutions for project management, and secured multiple rounds of investment for AI-driven initiatives. Their career reflects a strong track record in entrepreneurship, team leadership, and driving growth in the tech industry."
  },
  {
    "id": 177,
    "sectors": [
      "Enterprise Software",
      "Consumer Tech"
    ],
    "description": "Experienced in addressing infrastructure challenges to support enterprise clients and facilitate scalable global adoption, with a focus on enabling robust and efficient technology solutions."
  },
  {
    "id": 178,
    "sectors": [
      "AI/ML",
      "Data Science",
      "Media / Content",
      "FinTech",
      "HealthTech",
      "Enterprise Software",
      "Transportation / Mobility"
    ],
    "description": "With over 12 years of experience, this professional specializes in building scalable AI and machine learning platforms, leading large-scale AI roadmaps and data science initiatives impacting thousands of stakeholders. They have a strong track record of driving significant revenue through enterprise analytics products and cloud migrations, and possess expertise across media, fintech, and healthcare sectors. An MBA graduate and merit scholar, they have demonstrated leadership in academic and extracurricular settings, and have completed product projects in diverse industries."
  }
]